{
    "DNDConfig": null,
    "__parentReadjusting__": false,
    "_height_": {
        "type": "string",
        "value": "90%"
    },
    "_left_": {
        "type": "string",
        "value": "0%"
    },
    "_margin_": [
        0,
        0,
        0,
        0
    ],
    "_orientation_": 6,
    "_padding_": [
        0,
        0,
        0,
        0
    ],
    "_percent_": true,
    "_skin_": "s63c930b46174534a5125c9bcad06428",
    "_top_": {
        "type": "string",
        "value": "5%"
    },
    "_width_": {
        "type": "string",
        "value": "40%"
    },
    "allboxes": [],
    "autogrowmode": 0,
    "canUpdateUI": true,
    "children": [
        "flxYellowSignIn",
        "lblSignIn",
        "lblUserName",
        "txtUserName",
        "lblPassword",
        "txtPassword",
        "lblForgot",
        "lblError",
        "btnSignIn"
    ],
    "clipbounds": true,
    "containerweight": 100,
    "enablescrolling": true,
    "id": "flxSignIn",
    "info": null,
    "iscustomlayout": false,
    "isvisible": true,
    "kuid": "fdc0c132dad04928bb9ff95eda9b44d9",
    "layouttype": 4,
    "name": "kony.ui.FlexContainer",
    "parent": "flzHorizontal",
    "pf": "frmLogin",
    "retaincontentalignment": false,
    "retainflexpositionproperties": false,
    "retainflowhorizontalalignment": false,
    "snapgridsize": 10,
    "snaptogrid": true,
    "wType": "FlexContainer",
    "widgetalignment": 1,
    "zindex": 1
}