{
    "@class": "com.kony.gen.viz.model.component.KVizButton",
    "DNDConfig": null,
    "__parentReadjusting__": false,
    "_height_": {
        "type": "string",
        "value": "13%"
    },
    "_left_": {
        "type": "string",
        "value": "0dp"
    },
    "_margin_": [
        6,
        6,
        6,
        6
    ],
    "_padding_": [
        0,
        0,
        0,
        0
    ],
    "_skin_": "s19e8f321757409981bcda3a7939f131",
    "_text_": "SIGN IN",
    "_top_": {
        "type": "string",
        "value": "49dp"
    },
    "_width_": {
        "type": "string",
        "value": "268dp"
    },
    "canUpdateUI": true,
    "centerx": {
        "type": "string",
        "value": "50%"
    },
    "containerweight": 100,
    "contentalignment": 5,
    "displaytext": true,
    "focusskin": "s94e71d618a547e38420077186485631",
    "id": "btnSignIn",
    "ide_onClick": "AS_Button_e89f82fa78d744fbac54d100085b0d86",
    "info": null,
    "iscustomlayout": false,
    "isvisible": true,
    "kuid": "j399e9a992c14a0abb6ef70cddfd792c",
    "name": "kony.ui.Button",
    "parent": "flxSignIn",
    "pf": "frmLogin",
    "retaincontentalignment": false,
    "retainflexpositionproperties": false,
    "wType": "Button",
    "zindex": 1
}