{
    "@class": "com.kony.gen.viz.model.component.KVizImage2",
    "DNDConfig": null,
    "__parentReadjusting__": false,
    "_base64_": null,
    "_height_": {
        "type": "string",
        "value": "10%"
    },
    "_left_": {
        "type": "string",
        "value": "6%"
    },
    "_margin_": [
        0,
        0,
        0,
        0
    ],
    "_padding_": [
        0,
        0,
        0,
        0
    ],
    "_skin_": "s8f3890977724feebc7765fd9204af4b",
    "_src_": "transocean_logo_white.png",
    "_top_": {
        "type": "string",
        "value": "5%"
    },
    "_width_": {
        "type": "string",
        "value": "222dp"
    },
    "canUpdateUI": true,
    "containerweight": 100,
    "context": {
        "channel": "tablet",
        "formID": "frmLogin",
        "platform": "tabrcandroid",
        "templateType": "forms",
        "topLevelBox": null
    },
    "id": "Image0da1f6eb948e144",
    "imagescalemode": 1,
    "info": null,
    "invokedProperty": "src",
    "iscustomlayout": false,
    "isvisible": true,
    "kuid": "c6f1b24ad0e14dac99a4f72d885684db",
    "name": "kony.ui.Image2",
    "parent": "flxMain",
    "pf": "frmLogin",
    "retaincontentalignment": false,
    "retainflexpositionproperties": false,
    "srcType": 1,
    "wType": "Image",
    "widgetalignment": 5,
    "zindex": 1
}