{
    "@class": "com.kony.gen.viz.model.container.KVizScrollFlexForm",
    "DNDConfig": null,
    "_margin_": [
        0,
        0,
        0,
        0
    ],
    "_orientation_": 1,
    "_padding_": [
        0,
        0,
        0,
        0
    ],
    "_percent_": true,
    "_skin_": "s9258a36577b416b8783b717c920f89d",
    "_title_": null,
    "addWidgetsdone": false,
    "allboxes": [],
    "androidwearos": {
        "needAppMenu": false
    },
    "breakpointInfo": {
        "b1": {
            "width": 1200
        },
        "b2": {
            "width": 1024
        },
        "b3": {
            "width": 640
        }
    },
    "canUpdateUI": true,
    "canvasWidth": 1200,
    "children": [
        "flxImgBg"
    ],
    "containerweight": 100,
    "controllerInfo": {
        "default": {
            "channel": "desktop",
            "name": "frmDashboardController"
        }
    },
    "currentLocale": "default",
    "desktopweb": {
        "needAppMenu": false
    },
    "device": "desktopweb",
    "displayorientation": 1,
    "enabledforidletimeout": false,
    "id": "frmDashboard",
    "info": null,
    "initdone": false,
    "inputaccessoryviewtype": 4,
    "iphone": {
        "needAppMenu": false,
        "psp": {
            "inputAccessoryViewType": 4
        },
        "titleBar": false
    },
    "iscustomlayout": false,
    "isvisible": true,
    "kiosk": {
        "needAppMenu": false
    },
    "kuid": "c89fcba79bc943d9aa3748e0983677d8",
    "layouttype": 2,
    "name": "kony.ui.Form2",
    "needappmenu": false,
    "paddinginpixel": false,
    "platform": "desktopweb",
    "prevDevice": "desktopweb",
    "prevPlatform": "desktopweb",
    "retaincontentalignment": false,
    "retainflexpositionproperties": false,
    "retainscrollposition": false,
    "shellCSS": "desktop",
    "snapgridsize": 10,
    "snaptogrid": true,
    "spaan": {
        "needAppMenu": false
    },
    "spabb": {
        "needAppMenu": false
    },
    "spaip": {
        "needAppMenu": false
    },
    "spawinphone8": {
        "needAppMenu": false
    },
    "titleBarSkin": "sd4a153f086c4e2f9c74b3ed64247f72",
    "titlebar": true,
    "type": 3,
    "wType": "Form",
    "winphone8": {
        "needAppMenu": false
    }
}