{
    "@class": "com.kony.gen.viz.model.component.KVizListBox",
    "DNDConfig": null,
    "__parentReadjusting__": false,
    "_blur_": {
        "enabled": false,
        "value": 0
    },
    "_height_": {
        "type": "string",
        "value": "100%"
    },
    "_left_": {
        "type": "string",
        "value": "0dp"
    },
    "_margin_": [
        0,
        0,
        0,
        0
    ],
    "_padding_": [
        3,
        0,
        0,
        0
    ],
    "_placeholder_": "Please Select",
    "_skin_": "s266ba276de8483eb86fcd2265dd673d",
    "_top_": {
        "type": "string",
        "value": "0dp"
    },
    "_width_": {
        "type": "string",
        "value": "80%"
    },
    "canUpdateUI": true,
    "containerweight": 100,
    "contentalignment": 4,
    "focusskin": "s467d1152ddd4965b586009e66136306",
    "groupcells": false,
    "id": "listBoxRun",
    "info": null,
    "iscustomlayout": false,
    "isvisible": true,
    "kuid": "a4d32e43ff074711a323adba88757d48",
    "masterdata": [
        [
            "lb1",
            "Run Intermediate Casing and Make up Hanger"
        ],
        [
            "lb2",
            "Run Intermediate Casing and Make up Hanger"
        ],
        [
            "lb3",
            "Run Intermediate Casing and Make up Hanger"
        ]
    ],
    "name": "kony.ui.ListBox",
    "parent": "flxList",
    "pf": "frmDashboard",
    "retaincontentalignment": false,
    "retainflexpositionproperties": false,
    "selectedkeys": null,
    "selectedkeyvalue": null,
    "selectedkeyvalues": null,
    "size": 18,
    "viewtype": 0,
    "wType": "ListBox",
    "zindex": 1
}