{
    "DNDConfig": null,
    "__parentReadjusting__": false,
    "_height_": {
        "type": "string",
        "value": "97%"
    },
    "_left_": {
        "type": "string",
        "value": "1%"
    },
    "_margin_": [
        0,
        0,
        0,
        0
    ],
    "_orientation_": 6,
    "_padding_": [
        0,
        0,
        0,
        0
    ],
    "_percent_": true,
    "_skin_": "s15438b53f3d46638e73e38ef137dcd1",
    "_top_": {
        "type": "string",
        "value": "0dp"
    },
    "_width_": {
        "type": "string",
        "value": "12%"
    },
    "allboxes": [],
    "autogrowmode": 0,
    "canUpdateUI": true,
    "children": [
        "flxHome",
        "flxTaskSteps",
        "flxlogs",
        "flxHandOvers",
        "flxDailyInstructions",
        "flxDailyChecklists"
    ],
    "clipbounds": true,
    "containerweight": 100,
    "enablescrolling": true,
    "id": "flxoptions",
    "info": null,
    "iscustomlayout": false,
    "isvisible": true,
    "kuid": "e3cf616d10a04ba49bf1df16e1251147",
    "layouttype": 4,
    "name": "kony.ui.FlexContainer",
    "parent": "flzHorizontal",
    "pf": "frmTaskSteps",
    "retaincontentalignment": false,
    "retainflexpositionproperties": false,
    "retainflowhorizontalalignment": false,
    "snapgridsize": 10,
    "snaptogrid": true,
    "wType": "FlexContainer",
    "widgetalignment": 1,
    "zindex": 1
}