{
    "DNDConfig": null,
    "__parentReadjusting__": false,
    "_height_": {
        "type": "string",
        "value": "85%"
    },
    "_left_": {
        "type": "string",
        "value": "2%"
    },
    "_margin_": [
        0,
        0,
        0,
        0
    ],
    "_orientation_": 6,
    "_padding_": [
        0,
        0,
        0,
        0
    ],
    "_percent_": true,
    "_skin_": "sa10a045192e43f28dfbe7ebef94b6e7",
    "_top_": {
        "type": "string",
        "value": "20%"
    },
    "_width_": {
        "type": "string",
        "value": "90%"
    },
    "allboxes": [],
    "allowhorizontalbounce": false,
    "allowverticalbounce": true,
    "bounces": true,
    "canUpdateUI": true,
    "children": [
        "flxMakeUp",
        "flxChangeHandling",
        "flxRunCasing",
        "flxRunCasingHole",
        "flxMakeUpHanger",
        "btnContinue"
    ],
    "clipbounds": true,
    "containerweight": 100,
    "decelerat": false,
    "dragg": false,
    "enablescrolling": true,
    "horizontalscrollindicator": true,
    "id": "flxTaskStepsSub",
    "info": null,
    "iscustomlayout": false,
    "isvisible": true,
    "kuid": "ab233c78544e4700b8241e025bcce3e2",
    "layouttype": 4,
    "name": "kony.ui.FlexScrollContainer",
    "pagingenabled": false,
    "parent": "flxTaskStepsMain",
    "pf": "frmTaskSteps",
    "retaincontentalignment": false,
    "retainflexpositionproperties": false,
    "retainflowhorizontalalignment": false,
    "scrolldirection": 2,
    "snapgridsize": 10,
    "snaptogrid": true,
    "track": false,
    "verticalscrollindicator": true,
    "vizProps": {},
    "wType": "FlexScrollContainer",
    "widgetalignment": 1,
    "zindex": 1
}