{
    "DNDConfig": null,
    "__parentReadjusting__": false,
    "_height_": {
        "type": "string",
        "value": "97%"
    },
    "_left_": {
        "type": "string",
        "value": "1%"
    },
    "_margin_": [
        0,
        0,
        0,
        0
    ],
    "_orientation_": 6,
    "_padding_": [
        0,
        0,
        0,
        0
    ],
    "_percent_": true,
    "_skin_": "sb35d369e65a458182a55d62be5de4b8",
    "_top_": {
        "type": "string",
        "value": "0%"
    },
    "_width_": {
        "type": "string",
        "value": "84%"
    },
    "allboxes": [],
    "autogrowmode": 0,
    "canUpdateUI": true,
    "children": [
        "flxHighlight",
        "lblRunIntermediate",
        "flxTaskStepsSub"
    ],
    "clipbounds": true,
    "containerweight": 100,
    "enablescrolling": true,
    "id": "flxTaskStepsMain",
    "info": null,
    "iscustomlayout": false,
    "isvisible": true,
    "kuid": "b8ec19bf6e044148a12a8c8ca7ae03af",
    "layouttype": 2,
    "name": "kony.ui.FlexContainer",
    "parent": "flzHorizontal",
    "pf": "frmTaskSteps",
    "retaincontentalignment": false,
    "retainflexpositionproperties": false,
    "retainflowhorizontalalignment": false,
    "snapgridsize": 10,
    "snaptogrid": true,
    "vizProps": {},
    "wType": "FlexContainer",
    "widgetalignment": 1,
    "zindex": 1
}