{
    "@class": "com.kony.gen.viz.model.component.KVizImage2",
    "DNDConfig": null,
    "__parentReadjusting__": false,
    "_base64_": null,
    "_height_": {
        "type": "string",
        "value": "38%"
    },
    "_left_": {
        "type": "string",
        "value": "0%"
    },
    "_margin_": [
        0,
        0,
        0,
        0
    ],
    "_padding_": [
        0,
        0,
        0,
        0
    ],
    "_skin_": "s8f3890977724feebc7765fd9204af4b",
    "_src_": "home.png",
    "_width_": {
        "type": "string",
        "value": "100%"
    },
    "canUpdateUI": true,
    "centery": {
        "type": "string",
        "value": "45%"
    },
    "containerweight": 100,
    "context": {
        "channel": "tablet",
        "formID": "frmTaskSteps",
        "platform": "tabrcandroid",
        "templateType": "forms",
        "topLevelBox": null
    },
    "id": "imgHome",
    "imagescalemode": 1,
    "info": null,
    "invokedProperty": "src",
    "iscustomlayout": false,
    "isvisible": true,
    "kuid": "dfa125e3c06d421a8354851738446489",
    "name": "kony.ui.Image2",
    "parent": "flxHome",
    "pf": "frmTaskSteps",
    "retaincontentalignment": false,
    "retainflexpositionproperties": false,
    "srcType": 1,
    "wType": "Image",
    "widgetalignment": 5,
    "zindex": 1
}