{
    "@class": "com.kony.gen.viz.model.component.KVizButton",
    "DNDConfig": null,
    "__parentReadjusting__": false,
    "_height_": {
        "type": "string",
        "value": "50dp"
    },
    "_margin_": [
        6,
        6,
        6,
        6
    ],
    "_padding_": [
        0,
        0,
        0,
        0
    ],
    "_right_": {
        "type": "string",
        "value": "0%"
    },
    "_skin_": "scf05f2a459642368f2f1cecd11af757",
    "_text_": "CONTINUE",
    "_top_": {
        "type": "string",
        "value": "50dp"
    },
    "_width_": {
        "type": "string",
        "value": "300dp"
    },
    "canUpdateUI": true,
    "containerweight": 100,
    "contentalignment": 5,
    "disabledSkins": {
        "focusSkin": "s288d359ecf84ec7af897c867d97e9ac"
    },
    "displaytext": true,
    "id": "btnContinue",
    "info": null,
    "iscustomlayout": false,
    "isvisible": false,
    "kuid": "c0d2223605374caaaafa6b8c2ed83bb4",
    "name": "kony.ui.Button",
    "parent": "flxTaskStepsSub",
    "pf": "frmTaskSteps",
    "retaincontentalignment": false,
    "retainflexpositionproperties": false,
    "wType": "Button",
    "zindex": 1
}