{
    "@class": "com.kony.gen.viz.model.container.KVizScrollFlexForm",
    "DNDConfig": null,
    "_margin_": [
        0,
        0,
        0,
        0
    ],
    "_orientation_": 1,
    "_padding_": [
        0,
        0,
        0,
        0
    ],
    "_percent_": true,
    "_skin_": "s1a548b0fab34dd3bf24949b4e0670e0",
    "_title_": null,
    "addWidgetsdone": false,
    "allboxes": [],
    "androidwearos": {
        "needAppMenu": false
    },
    "breakpointInfo": {
        "b1": {
            "width": 1200
        },
        "b2": {
            "width": 1024
        },
        "b3": {
            "width": 640
        }
    },
    "canUpdateUI": true,
    "children": [
        "flxImgBg"
    ],
    "containerweight": 100,
    "controllerInfo": {
        "default": {
            "channel": "desktop",
            "name": "frmTaskStepsController"
        }
    },
    "currentLocale": "default",
    "desktopweb": {
        "needAppMenu": false
    },
    "displayorientation": 1,
    "enabledforidletimeout": false,
    "id": "frmTaskSteps",
    "ide_init": "AS_Form_eab8b6665d87429395d0dcc625920c5b",
    "info": null,
    "initdone": false,
    "inputaccessoryviewtype": 4,
    "iphone": {
        "needAppMenu": false,
        "psp": {
            "inputAccessoryViewType": 4
        },
        "titleBar": false
    },
    "iscustomlayout": false,
    "isvisible": true,
    "kiosk": {
        "needAppMenu": false
    },
    "kuid": "d44fd384730641559412364e887ddd98",
    "layouttype": 2,
    "name": "kony.ui.Form2",
    "needappmenu": false,
    "paddinginpixel": false,
    "retaincontentalignment": false,
    "retainflexpositionproperties": false,
    "retainscrollposition": false,
    "shellCSS": "and_Tab_GoogleNexus7",
    "snapgridsize": 10,
    "snaptogrid": true,
    "spaan": {
        "needAppMenu": false
    },
    "spabb": {
        "needAppMenu": false
    },
    "spaip": {
        "needAppMenu": false
    },
    "spawinphone8": {
        "needAppMenu": false
    },
    "titleBarSkin": "se125cc4e4f24a81866e8e8b24115794",
    "titlebar": true,
    "type": 3,
    "wType": "Form",
    "winphone8": {
        "needAppMenu": false
    }
}