{
    "DNDConfig": null,
    "__parentReadjusting__": false,
    "_height_": {
        "type": "string",
        "value": "97%"
    },
    "_left_": {
        "type": "string",
        "value": "1%"
    },
    "_margin_": [
        0,
        0,
        0,
        0
    ],
    "_orientation_": 6,
    "_padding_": [
        0,
        0,
        0,
        0
    ],
    "_percent_": true,
    "_skin_": "sb35d369e65a458182a55d62be5de4b8",
    "_top_": {
        "type": "string",
        "value": "0dp"
    },
    "_width_": {
        "type": "string",
        "value": "84%"
    },
    "allboxes": [],
    "autogrowmode": 0,
    "canUpdateUI": true,
    "children": [
        "flxYellowHome",
        "lblSignIn",
        "lblOpenWorkPack",
        "flxList",
        "CopyflxLine0j17ca5c412cf4d",
        "lblWorkPackAssigned",
        "flxLine",
        "flxDones"
    ],
    "clipbounds": true,
    "containerweight": 100,
    "enablescrolling": true,
    "id": "flxSignIn",
    "info": null,
    "iscustomlayout": false,
    "isvisible": true,
    "kuid": "g835015b7fe645be81169d5cb7c6e091",
    "layouttype": 4,
    "name": "kony.ui.FlexContainer",
    "parent": "flzHorizontal",
    "pf": "frmDashboard",
    "retaincontentalignment": false,
    "retainflexpositionproperties": false,
    "retainflowhorizontalalignment": false,
    "snapgridsize": 10,
    "snaptogrid": true,
    "wType": "FlexContainer",
    "widgetalignment": 1,
    "zindex": 1
}