{
    "@class": "com.kony.gen.viz.model.component.KVizImage2",
    "DNDConfig": null,
    "__parentReadjusting__": false,
    "_base64_": null,
    "_height_": {
        "type": "string",
        "value": "38%"
    },
    "_left_": {
        "type": "string",
        "value": "0%"
    },
    "_margin_": [
        0,
        0,
        0,
        0
    ],
    "_padding_": [
        0,
        0,
        0,
        0
    ],
    "_skin_": "s8f3890977724feebc7765fd9204af4b",
    "_src_": "instruction.png",
    "_top_": {
        "type": "string",
        "value": "18%"
    },
    "_width_": {
        "type": "string",
        "value": "100%"
    },
    "canUpdateUI": true,
    "containerweight": 100,
    "context": {
        "channel": "tablet",
        "formID": "frmDashboard",
        "platform": "tabrcandroid",
        "templateType": "forms",
        "topLevelBox": null
    },
    "id": "imgDailyInstructions",
    "imagescalemode": 1,
    "info": null,
    "invokedProperty": "src",
    "iscustomlayout": false,
    "isvisible": true,
    "kuid": "e8ae15b9ef4740a2a2e46c56f5904e48",
    "name": "kony.ui.Image2",
    "parent": "flxDailyInstructions",
    "pf": "frmDashboard",
    "retaincontentalignment": false,
    "retainflexpositionproperties": false,
    "srcType": 1,
    "wType": "Image",
    "widgetalignment": 5,
    "zindex": 1
}