{
    "@class": "com.kony.gen.viz.model.component.KVizListBox",
    "DNDConfig": null,
    "__parentReadjusting__": false,
    "_blur_": {
        "enabled": false,
        "value": 0
    },
    "_height_": {
        "type": "string",
        "value": "100%"
    },
    "_left_": {
        "type": "string",
        "value": "0dp"
    },
    "_margin_": [
        0,
        0,
        0,
        0
    ],
    "_padding_": [
        3,
        0,
        0,
        0
    ],
    "_placeholder_": "Please Select",
    "_skin_": "s266ba276de8483eb86fcd2265dd673d",
    "_top_": {
        "type": "string",
        "value": "0dp"
    },
    "_width_": {
        "type": "string",
        "value": "80%"
    },
    "canUpdateUI": true,
    "containerweight": 100,
    "contentalignment": 4,
    "dropdownimage": "chevron_down.png",
    "focusskin": "s467d1152ddd4965b586009e66136306",
    "groupcells": false,
    "id": "listBoxRun",
    "info": null,
    "ipad": {
        "viewType": 0
    },
    "iscustomlayout": false,
    "isvisible": true,
    "kuid": "e192b061f4844956b3e7e6be79f5d55d",
    "masterdata": [
        [
            "lb1",
            "Drill 18-1/8\" x 21\" hole section"
        ],
        [
            "lb2",
            "Run & Cement 16\" casing"
        ],
        [
            "lb3",
            "Drill 10-5/8\" x 12-1/4\" hole section"
        ],
        [
            "lb4",
            "Run Intermediate casing and make up Hanger"
        ],
        [
            "lb5",
            "Drill 8-1/2\" hole section"
        ],
        [
            "lb6",
            "Run & Set 7-5/8\" liner"
        ]
    ],
    "name": "kony.ui.ListBox",
    "parent": "flxList",
    "pf": "frmDashboard",
    "retaincontentalignment": false,
    "retainflexpositionproperties": false,
    "selectedkeys": null,
    "selectedkeyvalue": null,
    "selectedkeyvalues": null,
    "size": 18,
    "viewtype": 0,
    "wType": "ListBox",
    "zindex": 1
}